Index,Chess Index,Name,Live Value,Min Value,Max Value,Mean Value,StdDev Value,Top1 Core ID,Top1 Strength,Top1 Quality,Top2 Core ID,Top2 Strength,Top2 Quality,Top3 Core ID,Top3 Strength,Top3 Quality,Top4 Core ID,Top4 Strength,Top4 Quality
0,A0,"STAPM Limit",350.000,350.000,350.000,350.000,0.000,0,0.000,1.000,1,0.000,1.000,2,0.000,1.000,3,0.000,1.000
1,B0,"STAPM Value",79.053,60.444,261.286,76.137,9.739,0,0.052,1.000,30,0.051,1.000,31,0.000,1.000,29,0.000,1.000
2,C0,"PPT Limit (Fast)",175.000,175.000,175.000,175.000,0.000,0,0.000,1.000,1,0.000,1.000,2,0.000,1.000,3,0.000,1.000
3,D0,"PPT Value (Fast)",19.479,7.280,82.826,16.867,3.644,1,0.171,1.000,30,0.111,1.000,21,0.034,1.000,20,0.033,1.000
4,E0,"PPT Limit",175.000,175.000,175.000,175.000,0.000,0,0.000,1.000,1,0.000,1.000,2,0.000,1.000,3,0.000,1.000
5,F0,"PPT Value",0.449,0.000,46.757,2.513,4.543,0,0.095,1.000,1,0.000,1.000,2,0.000,1.000,3,0.000,1.000
6,G0,"PPT Limit (APU)",95.000,95.000,95.000,95.000,0.000,0,0.000,1.000,1,0.000,1.000,2,0.000,1.000,3,0.000,1.000
7,H0,"PPT Value (APU)",77.106,60.106,177.524,68.264,6.344,1,0.110,1.000,30,0.061,1.000,20,0.057,1.000,15,0.056,1.000
8,A1,"TDC Limit",95.000,95.000,95.000,95.000,0.000,0,0.000,1.000,1,0.000,1.000,2,0.000,1.000,3,0.000,1.000
9,B1,"TDC Value",62.688,58.548,138.018,61.833,5.053,11,0.053,1.000,30,0.039,1.000,0,0.034,1.000,28,0.034,1.000
10,C1,"TDC Limit (SoC)",661.184,108.802,1322.368,612.356,159.110,0,0.144,1.000,15,0.000,1.000,11,0.000,1.000,1,0.000,1.000
11,D1,"TDC Value (SoC)",649.899,3.036,1571.336,602.914,190.224,0,0.140,1.000,15,0.000,1.000,2,0.000,1.000,1,0.000,1.000
12,E1,"EDC Limit",1.251,1.076,2.879,1.369,0.109,11,0.076,1.000,4,0.065,1.000,0,0.049,1.000,30,0.031,1.000
13,F1,"EDC Value",1.255,0.933,2.775,1.331,0.118,0,0.115,1.000,4,0.067,1.000,1,0.066,1.000,11,0.063,1.000
14,G1,"",1.370,1.188,2.924,1.379,0.107,11,0.072,1.000,4,0.058,1.000,14,0.043,1.000,30,0.027,1.000
15,H1,"",0.660,0.660,2.765,0.850,0.283,0,0.175,1.000,1,0.088,1.000,2,0.062,1.000,13,0.058,1.000
16,A2,"THM Limit",94.317,83.806,197.610,93.334,7.168,11,0.074,1.000,4,0.063,1.000,14,0.048,1.000,30,0.034,1.000
17,B2,"THM Value",115.419,94.019,372.184,114.830,13.092,0,0.063,1.000,30,0.053,1.000,1,0.025,1.000,31,0.000,1.000
18,C2,"",0.000,0.000,0.000,0.000,0.000,0,0.000,1.000,1,0.000,1.000,2,0.000,1.000,3,0.000,1.000
19,D2,"",17.699,5.348,100.271,16.157,5.149,1,0.173,1.000,30,0.098,1.000,20,0.050,1.000,21,0.042,1.000
20,E2,"",0.000,0.000,0.000,0.000,0.000,0,0.000,1.000,1,0.000,1.000,2,0.000,1.000,3,0.000,1.000
21,F2,"",1.856,0.531,58.258,2.550,4.627,0,0.091,1.000,1,0.000,1.000,2,0.000,1.000,3,0.000,1.000
22,G2,"",0.000,0.000,0.000,0.000,0.000,0,0.000,1.000,1,0.000,1.000,2,0.000,1.000,3,0.000,1.000
23,H2,"",3.391,0.009,14255.494,616.734,463.581,8,0.130,1.000,1,0.067,1.000,10,0.065,1.000,11,0.059,1.000
24,A3,"",23.563,7.236,182.506,24.208,9.577,0,0.061,1.000,30,0.056,1.000,23,0.000,1.000,1,0.000,1.000
25,B3,"",55.295,47.583,116.365,54.693,4.096,4,0.069,1.000,15,0.048,1.000,13,0.047,1.000,30,0.039,1.000
26,C3,"FIT Limit",22.469,22.064,46.640,22.533,1.671,4,0.071,1.000,13,0.047,1.000,15,0.047,1.000,30,0.034,1.000
27,D3,"FIT Value",8.592,7.648,18.822,7.852,0.650,1,0.057,1.000,30,0.049,1.000,15,0.048,1.000,4,0.041,1.000
28,E3,"VID Limit",5.000,5.000,10.000,5.028,0.371,4,0.077,1.000,15,0.048,1.000,13,0.048,1.000,30,0.035,1.000
29,F3,"VID Value",0.500,0.500,1.000,0.503,0.037,4,0.077,1.000,15,0.049,1.000,13,0.048,1.000,30,0.035,1.000
30,G3,"",115.419,94.019,372.184,114.815,13.026,30,0.054,1.000,0,0.048,1.000,1,0.028,1.000,31,0.000,1.000
31,H3,"",0.000,0.000,0.000,0.000,0.000,0,0.000,1.000,1,0.000,1.000,2,0.000,1.000,3,0.000,1.000
32,A4,"",0.000,0.000,0.000,0.000,0.000,0,0.000,1.000,1,0.000,1.000,2,0.000,1.000,3,0.000,1.000
33,B4,"",33.938,24.528,74.550,33.391,2.581,9,0.054,1.000,15,0.049,1.000,13,0.048,1.000,30,0.043,1.000
34,C4,"VDDCR_CPU Power",0.000,0.000,0.000,0.000,0.000,0,0.000,1.000,1,0.000,1.000,2,0.000,1.000,3,0.000,1.000
35,D4,"VDDCR_SOC Power",5.350,5.350,10.700,5.380,0.394,13,0.051,1.000,15,0.051,1.000,9,0.050,1.000,30,0.036,1.000
36,E4,"",5.350,5.350,10.700,5.379,0.394,13,0.051,1.000,15,0.051,1.000,9,0.051,1.000,30,0.037,1.000
37,F4,"",5.350,5.350,10.700,5.379,0.393,13,0.052,1.000,15,0.051,1.000,11,0.049,1.000,30,0.037,1.000
38,G4,"Socket Power",5.309,5.086,10.700,5.376,0.393,13,0.052,1.000,15,0.052,1.000,11,0.049,1.000,30,0.037,1.000
39,H4,"",5.350,5.350,10.700,5.379,0.393,13,0.052,1.000,15,0.051,1.000,11,0.049,1.000,30,0.037,1.000
40,A5,"",5.350,5.350,10.700,5.379,0.393,13,0.052,1.000,15,0.051,1.000,11,0.049,1.000,30,0.037,1.000
41,B5,"",4.925,4.411,10.539,5.155,0.382,13,0.052,1.000,1,0.051,1.000,15,0.050,1.000,30,0.037,1.000
42,C5,"",5.350,5.350,10.700,5.379,0.393,13,0.052,1.000,15,0.051,1.000,11,0.049,1.000,30,0.037,1.000
43,D5,"",5.350,4.800,10.700,5.278,0.437,1,0.079,1.000,0,0.079,1.000,15,0.048,1.000,30,0.035,1.000
44,E5,"",5.350,5.350,10.700,5.379,0.393,15,0.052,1.000,11,0.049,1.000,1,0.048,1.000,18,0.044,1.000
45,F5,"",5.350,5.350,10.700,5.379,0.392,1,0.053,1.000,15,0.052,1.000,11,0.049,1.000,18,0.044,1.000
46,G5,"",5.350,5.350,10.700,5.379,0.391,1,0.053,1.000,15,0.053,1.000,11,0.049,1.000,18,0.045,1.000
47,H5,"",5.350,5.298,10.700,5.379,0.391,1,0.053,1.000,15,0.053,1.000,11,0.049,1.000,18,0.045,1.000
48,A6,"",5.350,5.350,10.700,5.379,0.391,1,0.054,1.000,15,0.053,1.000,11,0.050,1.000,18,0.045,1.000
49,B6,"",5.350,5.350,10.700,5.379,0.389,1,0.058,1.000,15,0.054,1.000,11,0.052,1.000,18,0.046,1.000
50,C6,"",4.925,4.411,10.539,5.155,0.378,1,0.060,1.000,11,0.053,1.000,15,0.053,1.000,30,0.036,1.000
51,D6,"",5.350,5.350,10.700,5.379,0.389,1,0.058,1.000,15,0.054,1.000,11,0.052,1.000,18,0.046,1.000
52,E6,"",5.350,4.800,10.700,5.277,0.434,0,0.087,1.000,1,0.085,1.000,15,0.050,1.000,30,0.035,1.000
53,F6,"",1.370,1.338,2.924,1.379,0.102,15,0.048,1.000,11,0.045,1.000,13,0.041,1.000,28,0.034,1.000
54,G6,"",1.367,1.276,2.923,1.435,0.106,1,0.065,1.000,11,0.056,1.000,15,0.056,1.000,13,0.053,1.000
55,H6,"",1.472,1.472,2.944,1.480,0.107,1,0.058,1.000,15,0.056,1.000,11,0.052,1.000,18,0.047,1.000
56,A7,"",1.472,1.472,2.944,1.480,0.107,1,0.058,1.000,15,0.056,1.000,11,0.052,1.000,18,0.047,1.000
57,B7,"",1.251,1.076,2.944,1.451,0.120,1,0.078,1.000,13,0.061,1.000,11,0.059,1.000,15,0.048,1.000
58,C7,"",1.370,1.338,2.924,1.378,0.101,15,0.050,1.000,11,0.047,1.000,1,0.045,1.000,28,0.035,1.000
59,D7,"",1.475,1.362,2.950,1.479,0.106,1,0.070,1.000,15,0.056,1.000,11,0.053,1.000,18,0.049,1.000
60,E7,"",1.472,1.472,2.944,1.480,0.106,1,0.066,1.000,15,0.057,1.000,11,0.054,1.000,18,0.049,1.000
61,F7,"",1.472,1.472,2.944,1.479,0.106,1,0.068,1.000,15,0.057,1.000,11,0.054,1.000,18,0.049,1.000
62,G7,"",1.472,1.188,2.944,1.479,0.106,1,0.068,1.000,15,0.057,1.000,11,0.054,1.000,18,0.049,1.000
63,H7,"",1.255,0.933,2.775,1.331,0.113,0,0.105,1.000,1,0.086,1.000,15,0.047,1.000,13,0.041,1.000
64,A8,"",1.205,0.917,2.765,1.326,0.114,0,0.109,1.000,1,0.089,1.000,15,0.045,1.000,30,0.035,1.000
65,B8,"",17.000,0.000,84.000,16.870,6.010,1,0.134,1.000,30,0.071,1.000,0,0.044,1.000,20,0.032,1.000
66,C8,"",20.485,0.000,108.380,22.302,8.054,1,0.147,1.000,0,0.072,1.000,30,0.066,1.000,8,0.045,1.000
67,D8,"",45.000,44.000,94.000,45.499,3.276,1,0.063,1.000,15,0.055,1.000,11,0.051,1.000,28,0.038,1.000
68,E8,"",0.660,0.660,2.765,0.849,0.281,0,0.177,1.000,1,0.090,1.000,2,0.064,1.000,13,0.059,1.000
69,F8,"",1.205,0.660,2.760,0.855,0.278,0,0.183,1.000,1,0.092,1.000,2,0.068,1.000,13,0.055,1.000
70,G8,"",0.000,0.000,55.000,2.515,4.923,0,0.086,1.000,1,0.000,1.000,2,0.000,1.000,3,0.000,1.000
71,H8,"",0.000,0.000,65.725,2.964,6.024,0,0.088,1.000,1,0.000,1.000,2,0.000,1.000,3,0.000,1.000
72,A9,"",36.000,35.500,80.000,36.512,2.763,1,0.047,1.000,15,0.042,1.000,18,0.033,1.000,30,0.030,1.000
73,B9,"",1.090,1.090,2.180,1.096,0.077,1,0.072,1.000,11,0.058,1.000,13,0.054,1.000,18,0.052,1.000
74,C9,"",1.085,1.080,2.175,1.090,0.077,1,0.072,1.000,11,0.058,1.000,13,0.054,1.000,18,0.052,1.000
75,D9,"",31.000,26.000,64.000,28.806,2.347,1,0.063,1.000,18,0.051,1.000,30,0.046,1.000,11,0.046,1.000
76,E9,"",33.635,28.210,69.440,31.254,2.547,1,0.063,1.000,18,0.051,1.000,30,0.046,1.000,11,0.046,1.000
77,F9,"",52.000,51.000,104.000,52.262,3.671,1,0.072,1.000,11,0.058,1.000,13,0.054,1.000,18,0.052,1.000
78,G9,"",1.100,1.100,2.200,1.106,0.078,1,0.072,1.000,11,0.058,1.000,13,0.054,1.000,18,0.052,1.000
79,H9,"",1.090,1.085,2.180,1.095,0.077,1,0.072,1.000,11,0.058,1.000,13,0.054,1.000,18,0.052,1.000
80,A10,"",6.000,4.000,14.000,5.697,0.749,11,0.038,1.000,13,0.036,1.000,18,0.035,1.000,15,0.034,1.000
81,B10,"",6.540,4.340,15.260,6.210,0.817,11,0.038,1.000,13,0.036,1.000,18,0.035,1.000,15,0.034,1.000
82,C10,"",36.000,35.500,80.000,36.507,2.731,1,0.047,1.000,18,0.035,1.000,13,0.033,1.000,28,0.033,1.000
83,D10,"",235.000,235.000,235.000,235.000,0.000,0,0.000,1.000,1,0.000,1.000,2,0.000,1.000,3,0.000,1.000
84,E10,"",17.000,0.000,62.000,17.332,6.180,1,0.138,1.000,30,0.061,1.000,0,0.057,1.000,20,0.035,1.000
85,F10,"",20.372,9.262,93.543,22.769,3.788,1,0.224,1.000,30,0.094,1.000,0,0.087,1.000,8,0.060,1.000
86,G10,"",208.000,208.000,208.000,208.000,0.000,0,0.000,1.000,1,0.000,1.000,2,0.000,1.000,3,0.000,1.000
87,H10,"",0.000,0.000,0.000,0.000,0.000,0,0.000,1.000,1,0.000,1.000,2,0.000,1.000,3,0.000,1.000
88,A11,"",235.000,235.000,235.000,235.000,0.000,0,0.000,1.000,1,0.000,1.000,2,0.000,1.000,3,0.000,1.000
89,B11,"",0.000,0.000,55.000,2.697,5.016,0,0.092,1.000,1,0.000,1.000,2,0.000,1.000,3,0.000,1.000
90,C11,"",13.957,3.436,47.218,7.808,6.421,0,0.168,1.000,1,0.069,1.000,2,0.041,1.000,28,0.035,1.000
91,D11,"",208.000,208.000,208.000,208.000,0.000,0,0.000,1.000,1,0.000,1.000,2,0.000,1.000,3,0.000,1.000
92,E11,"",0.000,0.000,0.000,0.000,0.000,0,0.000,1.000,1,0.000,1.000,2,0.000,1.000,3,0.000,1.000
93,F11,"",1733.333,1733.333,3466.667,1741.899,121.022,1,0.087,1.000,11,0.061,1.000,13,0.057,1.000,18,0.054,1.000
94,G11,"",1733.334,1733.333,3466.668,1741.899,121.022,1,0.087,1.000,11,0.061,1.000,13,0.057,1.000,18,0.054,1.000
95,H11,"",2600.000,2600.000,5200.000,2612.705,180.510,1,0.088,1.000,13,0.059,1.000,18,0.056,1.000,19,0.047,1.000
96,A12,"",2600.000,2600.000,5200.000,2612.705,180.510,1,0.088,1.000,13,0.059,1.000,18,0.056,1.000,19,0.047,1.000
97,B12,"",2600.000,2600.000,5200.000,2612.664,180.217,1,0.088,1.000,13,0.059,1.000,18,0.056,1.000,19,0.047,1.000
98,C12,"",100.000,100.000,200.000,100.014,1.193,8,0.149,1.000,13,0.125,1.000,14,0.119,1.000,30,0.110,1.000
99,D12,"",0.000,0.000,0.000,0.000,0.000,0,0.000,1.000,1,0.000,1.000,2,0.000,1.000,3,0.000,1.000
100,E12,"",0.000,0.000,0.000,0.000,0.000,0,0.000,1.000,1,0.000,1.000,2,0.000,1.000,3,0.000,1.000
101,F12,"",0.000,0.000,0.000,0.000,0.000,0,0.000,1.000,1,0.000,1.000,2,0.000,1.000,3,0.000,1.000
102,G12,"",0.000,0.000,0.000,0.000,0.000,0,0.000,1.000,1,0.000,1.000,2,0.000,1.000,3,0.000,1.000
103,H12,"",1733.333,1733.333,1733.333,1733.333,0.000,0,0.000,1.000,1,0.000,1.000,2,0.000,1.000,3,0.000,1.000
104,A13,"",1485.714,1485.714,1485.714,1485.714,0.000,0,0.000,1.000,1,0.000,1.000,2,0.000,1.000,3,0.000,1.000
105,B13,"",1300.000,1300.000,1300.000,1300.000,0.000,0,0.000,1.000,1,0.000,1.000,2,0.000,1.000,3,0.000,1.000
106,C13,"",0.000,0.000,0.000,0.000,0.000,0,0.000,1.000,1,0.000,1.000,2,0.000,1.000,3,0.000,1.000
107,D13,"",0.000,0.000,0.000,0.000,0.000,0,0.000,1.000,1,0.000,1.000,2,0.000,1.000,3,0.000,1.000
108,E13,"",2600.000,2600.000,2600.000,2600.000,0.000,0,0.000,1.000,1,0.000,1.000,2,0.000,1.000,3,0.000,1.000
109,F13,"",1300.000,1300.000,1300.000,1300.000,0.000,0,0.000,1.000,1,0.000,1.000,2,0.000,1.000,3,0.000,1.000
110,G13,"",1300.000,1300.000,1300.000,1300.000,0.000,0,0.000,1.000,1,0.000,1.000,2,0.000,1.000,3,0.000,1.000
111,H13,"",0.000,0.000,0.000,0.000,0.000,0,0.000,1.000,1,0.000,1.000,2,0.000,1.000,3,0.000,1.000
112,A14,"",0.000,0.000,0.000,0.000,0.000,0,0.000,1.000,1,0.000,1.000,2,0.000,1.000,3,0.000,1.000
113,B14,"",2600.000,2600.000,2600.000,2600.000,0.000,0,0.000,1.000,1,0.000,1.000,2,0.000,1.000,3,0.000,1.000
114,C14,"",2600.000,2600.000,2600.000,2600.000,0.000,0,0.000,1.000,1,0.000,1.000,2,0.000,1.000,3,0.000,1.000
115,D14,"",2600.000,2600.000,2600.000,2600.000,0.000,0,0.000,1.000,1,0.000,1.000,2,0.000,1.000,3,0.000,1.000
116,E14,"",0.000,0.000,0.000,0.000,0.000,0,0.000,1.000,1,0.000,1.000,2,0.000,1.000,3,0.000,1.000
117,F14,"",0.000,0.000,0.000,0.000,0.000,0,0.000,1.000,1,0.000,1.000,2,0.000,1.000,3,0.000,1.000
118,G14,"",1.090,1.090,1.090,1.090,0.000,0,0.000,1.000,1,0.000,1.000,2,0.000,1.000,3,0.000,1.000
119,H14,"",0.861,0.861,0.861,0.861,0.000,0,0.000,1.000,1,0.000,1.000,2,0.000,1.000,3,0.000,1.000
120,A15,"",0.790,0.790,0.790,0.790,0.000,0,0.000,1.000,1,0.000,1.000,2,0.000,1.000,3,0.000,1.000
121,B15,"",0.000,0.000,0.000,0.000,0.000,0,0.000,1.000,1,0.000,1.000,2,0.000,1.000,3,0.000,1.000
122,C15,"",0.000,0.000,0.000,0.000,0.000,0,0.000,1.000,1,0.000,1.000,2,0.000,1.000,3,0.000,1.000
123,D15,"",12.000,12.000,24.000,12.058,0.832,1,0.088,1.000,13,0.059,1.000,18,0.056,1.000,19,0.047,1.000
124,E15,"",0.039,0.000,5.475,0.099,0.227,0,0.080,1.000,20,0.058,1.000,10,0.055,1.000,11,0.048,1.000
125,F15,"",11.500,11.500,23.000,11.556,0.796,1,0.092,1.000,13,0.060,1.000,18,0.056,1.000,19,0.048,1.000
126,G15,"",40.000,40.000,80.000,40.194,2.768,1,0.092,1.000,13,0.060,1.000,18,0.056,1.000,19,0.048,1.000
127,H15,"",0.000,0.000,0.000,0.000,0.000,0,0.000,1.000,1,0.000,1.000,2,0.000,1.000,3,0.000,1.000
128,A16,"",38.000,38.000,76.000,38.184,2.625,1,0.092,1.000,13,0.060,1.000,18,0.057,1.000,19,0.048,1.000
129,B16,"",12.000,12.000,24.000,12.058,0.829,1,0.092,1.000,13,0.060,1.000,18,0.057,1.000,19,0.048,1.000
130,C16,"",0.000,0.000,0.000,0.000,0.000,0,0.000,1.000,1,0.000,1.000,2,0.000,1.000,3,0.000,1.000
131,D16,"",11.500,11.500,23.000,11.556,0.794,1,0.092,1.000,13,0.061,1.000,18,0.057,1.000,19,0.048,1.000
132,E16,"",4.725,4.725,4.725,4.725,0.000,0,0.000,1.000,1,0.000,1.000,2,0.000,1.000,3,0.000,1.000
133,F16,"",5.350,5.350,10.700,5.376,0.367,1,0.096,1.000,13,0.062,1.000,18,0.058,1.000,19,0.049,1.000
134,G16,"",0.000,0.000,0.000,0.000,0.000,0,0.000,1.000,1,0.000,1.000,2,0.000,1.000,3,0.000,1.000
135,H16,"",0.352,-1.117,0.760,-0.041,0.163,21,0.036,1.000,27,0.030,1.000,30,0.027,1.000,25,0.026,1.000
136,A17,"",-24.297,-49.791,0.246,-6.270,8.479,1,0.158,1.000,0,0.135,1.000,2,0.074,1.000,3,0.072,1.000
137,B17,"",0.656,0.487,1.999,0.625,0.121,0,0.181,1.000,1,0.070,1.000,2,0.042,1.000,29,0.000,1.000
138,C17,"",0.500,0.500,0.500,0.500,0.000,0,0.000,1.000,1,0.000,1.000,2,0.000,1.000,3,0.000,1.000
139,D17,"",0.000,0.000,0.000,0.000,0.000,0,0.000,1.000,1,0.000,1.000,2,0.000,1.000,3,0.000,1.000
140,E17,"",0.000,0.000,0.000,0.000,0.000,0,0.000,1.000,1,0.000,1.000,2,0.000,1.000,3,0.000,1.000
141,F17,"",9.814,0.000,70.893,1.628,3.142,1,0.135,1.000,30,0.084,1.000,20,0.031,1.000,15,0.026,1.000
142,G17,"",6.781,0.002,15.647,1.035,1.817,30,0.012,1.000,20,0.011,1.000,23,0.000,1.000,0,0.000,1.000
143,H17,"",9.783,0.000,70.894,1.680,3.195,1,0.134,1.000,30,0.083,1.000,20,0.032,1.000,15,0.026,1.000
144,A18,"",6.754,0.000,15.622,1.016,1.816,30,0.012,1.000,20,0.011,1.000,23,0.000,1.000,0,0.000,1.000
145,B18,"",0.000,0.000,0.000,0.000,0.000,0,0.000,1.000,1,0.000,1.000,2,0.000,1.000,3,0.000,1.000
146,C18,"",0.000,0.000,0.000,0.000,0.000,0,0.000,1.000,1,0.000,1.000,2,0.000,1.000,3,0.000,1.000
147,D18,"",0.102,0.000,6.104,0.145,0.231,0,0.077,1.000,20,0.058,1.000,10,0.054,1.000,11,0.047,1.000
148,E18,"",0.000,0.000,0.000,0.000,0.000,0,0.000,1.000,1,0.000,1.000,2,0.000,1.000,3,0.000,1.000
149,F18,"",1.000,1.000,1.000,1.000,0.000,0,0.000,1.000,1,0.000,1.000,2,0.000,1.000,3,0.000,1.000
150,G18,"",0.000,0.000,0.000,0.000,0.000,0,0.000,1.000,1,0.000,1.000,2,0.000,1.000,3,0.000,1.000
151,H18,"",1142.857,1142.857,2285.714,1146.039,59.931,1,0.102,1.000,9,0.097,1.000,12,0.077,1.000,18,0.075,1.000
152,A19,"",1142.857,1142.857,2285.715,1145.714,56.763,1,0.131,1.000,15,0.085,1.000,13,0.082,1.000,12,0.078,1.000
153,B19,"",1000.000,1000.000,2000.000,1002.223,46.857,1,0.134,1.000,15,0.096,1.000,12,0.090,1.000,13,0.084,1.000
154,C19,"",500.000,500.000,1000.000,501.013,22.354,1,0.144,1.000,15,0.103,1.000,13,0.091,1.000,18,0.085,1.000
155,D19,"",1.000,1.000,1.000,1.000,0.000,0,0.000,1.000,1,0.000,1.000,2,0.000,1.000,3,0.000,1.000
156,E19,"",0.000,0.000,7.516,0.000,0.036,0,0.000,1.000,1,0.000,1.000,2,0.000,1.000,3,0.000,1.000
157,F19,"",1142.857,1142.857,2285.714,1145.913,58.719,1,0.114,1.000,9,0.101,1.000,15,0.078,1.000,13,0.075,1.000
158,G19,"",1142.857,1142.857,2285.716,1145.516,54.784,1,0.134,1.000,15,0.090,1.000,13,0.088,1.000,12,0.085,1.000
159,H19,"",1000.000,1000.000,2000.000,1002.105,45.580,1,0.141,1.000,15,0.101,1.000,13,0.089,1.000,18,0.082,1.000
160,A20,"",500.000,500.000,1000.000,500.977,21.954,1,0.150,1.000,15,0.107,1.000,12,0.089,1.000,18,0.088,1.000
161,B20,"",1.000,1.000,1.000,1.000,0.000,0,0.000,1.000,1,0.000,1.000,2,0.000,1.000,3,0.000,1.000
162,C20,"",0.031,0.000,6.656,0.115,0.310,0,0.107,1.000,10,0.076,1.000,20,0.056,1.000,11,0.047,1.000
163,D20,"",1142.857,1142.857,2285.714,1145.714,56.763,1,0.131,1.000,15,0.085,1.000,13,0.082,1.000,12,0.078,1.000
164,E20,"",1142.857,1142.857,2285.716,1145.398,53.551,1,0.134,1.000,15,0.096,1.000,12,0.090,1.000,13,0.084,1.000
165,F20,"",1000.000,1000.000,2000.000,1002.034,44.796,1,0.144,1.000,15,0.103,1.000,13,0.091,1.000,18,0.084,1.000
166,G20,"",500.000,500.000,1000.000,500.942,21.547,1,0.113,1.000,15,0.101,1.000,12,0.092,1.000,18,0.090,1.000
167,H20,"",1.000,1.000,1.000,1.000,0.000,0,0.000,1.000,1,0.000,1.000,2,0.000,1.000,3,0.000,1.000
168,A21,"",0.000,0.000,0.000,0.000,0.000,0,0.000,1.000,1,0.000,1.000,2,0.000,1.000,3,0.000,1.000
169,B21,"",1142.857,1142.857,2285.714,1145.714,56.763,1,0.131,1.000,15,0.085,1.000,13,0.082,1.000,12,0.078,1.000
170,C21,"",1142.857,1142.857,2285.716,1145.398,53.551,1,0.134,1.000,15,0.096,1.000,12,0.090,1.000,13,0.084,1.000
171,D21,"",1000.000,1000.000,2000.000,1002.034,44.796,1,0.144,1.000,15,0.103,1.000,13,0.091,1.000,18,0.084,1.000
172,E21,"",500.000,500.000,1000.000,500.942,21.547,1,0.113,1.000,15,0.101,1.000,12,0.092,1.000,18,0.090,1.000
173,F21,"",0.000,0.000,0.000,0.000,0.000,0,0.000,1.000,1,0.000,1.000,2,0.000,1.000,3,0.000,1.000
174,G21,"",0.000,0.000,0.000,0.000,0.000,0,0.000,1.000,1,0.000,1.000,2,0.000,1.000,3,0.000,1.000
175,H21,"",0.000,0.000,0.000,0.000,0.000,0,0.000,1.000,1,0.000,1.000,2,0.000,1.000,3,0.000,1.000
176,A22,"",0.000,0.000,0.000,0.000,0.000,0,0.000,1.000,1,0.000,1.000,2,0.000,1.000,3,0.000,1.000
177,B22,"",0.000,0.000,0.000,0.000,0.000,0,0.000,1.000,1,0.000,1.000,2,0.000,1.000,3,0.000,1.000
178,C22,"",0.000,0.000,0.000,0.000,0.000,0,0.000,1.000,1,0.000,1.000,2,0.000,1.000,3,0.000,1.000
179,D22,"",0.000,0.000,0.000,0.000,0.000,0,0.000,1.000,1,0.000,1.000,2,0.000,1.000,3,0.000,1.000
180,E22,"",35.359,27.648,74.744,34.510,1.575,1,0.104,1.000,15,0.100,1.000,12,0.096,1.000,18,0.084,1.000
181,F22,"",8.592,7.648,17.563,7.821,0.434,1,0.090,1.000,15,0.085,1.000,12,0.071,1.000,18,0.060,1.000
182,G22,"",0.917,0.793,1.945,0.923,0.039,15,0.106,1.000,12,0.101,1.000,13,0.094,1.000,1,0.092,1.000
183,H22,"",40.425,39.837,84.401,40.505,1.698,15,0.102,1.000,12,0.093,1.000,13,0.087,1.000,18,0.083,1.000
184,A23,"",62.750,58.500,126.500,60.984,2.721,15,0.111,1.000,12,0.103,1.000,13,0.097,1.000,18,0.093,1.000
185,B23,"",nan,nan,-340282346638528859811704183484516925440.000,nan,nan,0,0.000,1.000,1,0.000,1.000,2,0.000,1.000,3,0.000,1.000
186,C23,"",500.000,500.000,1000.000,500.859,20.566,15,0.108,1.000,13,0.093,1.000,1,0.092,1.000,18,0.087,1.000
187,D23,"",125.000,125.000,125.000,125.000,0.000,0,0.000,1.000,1,0.000,1.000,2,0.000,1.000,3,0.000,1.000
188,E23,"",125.000,125.000,250.000,125.215,5.141,15,0.108,1.000,13,0.093,1.000,1,0.092,1.000,18,0.087,1.000
189,F23,"",454.545,454.545,454.545,454.545,0.000,0,0.000,1.000,1,0.000,1.000,2,0.000,1.000,3,0.000,1.000
190,G23,"",454.545,454.545,909.092,455.318,18.633,15,0.108,1.000,13,0.093,1.000,1,0.092,1.000,18,0.087,1.000
191,H23,"",nan,nan,-340282346638528859811704183484516925440.000,nan,nan,0,0.000,1.000,1,0.000,1.000,2,0.000,1.000,3,0.000,1.000
192,A24,"",454.545,196.001,909.092,452.865,27.387,15,0.076,1.000,13,0.067,1.000,18,0.064,1.000,12,0.056,1.000
193,B24,"",454.545,454.545,454.545,454.545,0.000,0,0.000,1.000,1,0.000,1.000,2,0.000,1.000,3,0.000,1.000
194,C24,"",454.545,454.545,909.092,455.311,18.546,15,0.109,1.000,13,0.094,1.000,1,0.092,1.000,18,0.089,1.000
195,D24,"",100.000,100.000,100.000,100.000,0.000,0,0.000,1.000,1,0.000,1.000,2,0.000,1.000,3,0.000,1.000
196,E24,"",100.000,100.000,200.000,100.168,4.080,15,0.109,1.000,13,0.094,1.000,1,0.092,1.000,18,0.089,1.000
197,F24,"",400.000,400.000,400.000,400.000,0.000,0,0.000,1.000,1,0.000,1.000,2,0.000,1.000,3,0.000,1.000
198,G24,"",400.000,400.000,800.000,400.673,16.320,15,0.109,1.000,13,0.094,1.000,1,0.092,1.000,18,0.089,1.000
199,H24,"",nan,nan,-340282346638528859811704183484516925440.000,nan,nan,0,0.000,1.000,1,0.000,1.000,2,0.000,1.000,3,0.000,1.000
200,A25,"Core 0 Power",89.286,89.285,178.572,89.436,3.643,15,0.109,1.000,13,0.094,1.000,1,0.092,1.000,18,0.089,1.000
201,B25,"Core 1 Power",nan,nan,-340282346638528859811704183484516925440.000,nan,nan,0,0.000,1.000,1,0.000,1.000,2,0.000,1.000,3,0.000,1.000
202,C25,"Core 2 Power",89.285,89.285,178.572,89.436,3.643,15,0.109,1.000,13,0.094,1.000,1,0.092,1.000,18,0.089,1.000
203,D25,"Core 3 Power",25.000,25.000,50.000,25.032,0.897,15,0.124,1.000,12,0.113,1.000,18,0.087,1.000,23,0.066,1.000
204,E25,"Core 4 Power",25.000,25.000,50.000,25.032,0.894,15,0.124,1.000,12,0.113,1.000,18,0.087,1.000,23,0.066,1.000
205,F25,"Core 5 Power",0.000,0.000,0.000,0.000,0.000,0,0.000,1.000,1,0.000,1.000,2,0.000,1.000,3,0.000,1.000
206,G25,"Core 6 Power",0.000,0.000,0.000,0.000,0.000,0,0.000,1.000,1,0.000,1.000,2,0.000,1.000,3,0.000,1.000
207,H25,"Core 7 Power",0.000,0.000,0.000,0.000,0.000,0,0.000,1.000,1,0.000,1.000,2,0.000,1.000,3,0.000,1.000
208,A26,"Core 0 Voltage",0.000,0.000,0.000,0.000,0.000,0,0.000,1.000,1,0.000,1.000,2,0.000,1.000,3,0.000,1.000
209,B26,"Core 1 Voltage",0.000,0.000,0.000,0.000,0.000,0,0.000,1.000,1,0.000,1.000,2,0.000,1.000,3,0.000,1.000
210,C26,"Core 2 Voltage",0.000,0.000,0.000,0.000,0.000,0,0.000,1.000,1,0.000,1.000,2,0.000,1.000,3,0.000,1.000
211,D26,"Core 3 Voltage",0.000,0.000,0.000,0.000,0.000,0,0.000,1.000,1,0.000,1.000,2,0.000,1.000,3,0.000,1.000
212,E26,"Core 4 Voltage",0.000,0.000,0.000,0.000,0.000,0,0.000,1.000,1,0.000,1.000,2,0.000,1.000,3,0.000,1.000
213,F26,"Core 5 Voltage",0.000,0.000,0.000,0.000,0.000,0,0.000,1.000,1,0.000,1.000,2,0.000,1.000,3,0.000,1.000
214,G26,"Core 6 Voltage",0.000,0.000,0.000,0.000,0.000,0,0.000,1.000,1,0.000,1.000,2,0.000,1.000,3,0.000,1.000
215,H26,"Core 7 Voltage",0.000,0.000,0.000,0.000,0.000,0,0.000,1.000,1,0.000,1.000,2,0.000,1.000,3,0.000,1.000
216,A27,"Core 0 Temp",0.000,0.000,0.000,0.000,0.000,0,0.000,1.000,1,0.000,1.000,2,0.000,1.000,3,0.000,1.000
217,B27,"Core 1 Temp",0.000,0.000,0.000,0.000,0.000,0,0.000,1.000,1,0.000,1.000,2,0.000,1.000,3,0.000,1.000
218,C27,"Core 2 Temp",0.000,0.000,0.000,0.000,0.000,0,0.000,1.000,1,0.000,1.000,2,0.000,1.000,3,0.000,1.000
219,D27,"Core 3 Temp",0.000,0.000,0.000,0.000,0.000,0,0.000,1.000,1,0.000,1.000,2,0.000,1.000,3,0.000,1.000
220,E27,"Core 4 Temp",0.000,0.000,0.000,0.000,0.000,0,0.000,1.000,1,0.000,1.000,2,0.000,1.000,3,0.000,1.000
221,F27,"Core 5 Temp",0.000,0.000,0.000,0.000,0.000,0,0.000,1.000,1,0.000,1.000,2,0.000,1.000,3,0.000,1.000
222,G27,"Core 6 Temp",0.000,0.000,0.000,0.000,0.000,0,0.000,1.000,1,0.000,1.000,2,0.000,1.000,3,0.000,1.000
223,H27,"Core 7 Temp",0.000,0.000,0.000,0.000,0.000,0,0.000,1.000,1,0.000,1.000,2,0.000,1.000,3,0.000,1.000
224,A28,"",0.000,0.000,0.000,0.000,0.000,0,0.000,1.000,1,0.000,1.000,2,0.000,1.000,3,0.000,1.000
225,B28,"",0.000,0.000,0.000,0.000,0.000,0,0.000,1.000,1,0.000,1.000,2,0.000,1.000,3,0.000,1.000
226,C28,"",0.000,0.000,0.000,0.000,0.000,0,0.000,1.000,1,0.000,1.000,2,0.000,1.000,3,0.000,1.000
227,D28,"",0.000,0.000,0.000,0.000,0.000,0,0.000,1.000,1,0.000,1.000,2,0.000,1.000,3,0.000,1.000
228,E28,"",0.000,0.000,0.000,0.000,0.000,0,0.000,1.000,1,0.000,1.000,2,0.000,1.000,3,0.000,1.000
229,F28,"",0.000,0.000,0.000,0.000,0.000,0,0.000,1.000,1,0.000,1.000,2,0.000,1.000,3,0.000,1.000
230,G28,"",0.000,0.000,0.000,0.000,0.000,0,0.000,1.000,1,0.000,1.000,2,0.000,1.000,3,0.000,1.000
231,H28,"",0.000,0.000,0.000,0.000,0.000,0,0.000,1.000,1,0.000,1.000,2,0.000,1.000,3,0.000,1.000
232,A29,"",0.000,0.000,0.000,0.000,0.000,0,0.000,1.000,1,0.000,1.000,2,0.000,1.000,3,0.000,1.000
233,B29,"",0.000,0.000,0.000,0.000,0.000,0,0.000,1.000,1,0.000,1.000,2,0.000,1.000,3,0.000,1.000
234,C29,"",0.000,0.000,0.000,0.000,0.000,0,0.000,1.000,1,0.000,1.000,2,0.000,1.000,3,0.000,1.000
235,D29,"",0.000,0.000,0.000,0.000,0.000,0,0.000,1.000,1,0.000,1.000,2,0.000,1.000,3,0.000,1.000
236,E29,"",0.000,0.000,0.000,0.000,0.000,0,0.000,1.000,1,0.000,1.000,2,0.000,1.000,3,0.000,1.000
237,F29,"",0.000,0.000,0.000,0.000,0.000,0,0.000,1.000,1,0.000,1.000,2,0.000,1.000,3,0.000,1.000
238,G29,"",0.000,0.000,0.000,0.000,0.000,0,0.000,1.000,1,0.000,1.000,2,0.000,1.000,3,0.000,1.000
239,H29,"",0.000,0.000,0.000,0.000,0.000,0,0.000,1.000,1,0.000,1.000,2,0.000,1.000,3,0.000,1.000
240,A30,"Core 0 Clock",0.000,0.000,0.000,0.000,0.000,0,0.000,1.000,1,0.000,1.000,2,0.000,1.000,3,0.000,1.000
241,B30,"Core 1 Clock",0.000,0.000,0.000,0.000,0.000,0,0.000,1.000,1,0.000,1.000,2,0.000,1.000,3,0.000,1.000
242,C30,"Core 2 Clock",0.000,0.000,0.000,0.000,0.000,0,0.000,1.000,1,0.000,1.000,2,0.000,1.000,3,0.000,1.000
243,D30,"Core 3 Clock",0.000,0.000,0.000,0.000,0.000,0,0.000,1.000,1,0.000,1.000,2,0.000,1.000,3,0.000,1.000
244,E30,"Core 4 Clock",0.000,0.000,0.000,0.000,0.000,0,0.000,1.000,1,0.000,1.000,2,0.000,1.000,3,0.000,1.000
245,F30,"Core 5 Clock",0.000,0.000,0.000,0.000,0.000,0,0.000,1.000,1,0.000,1.000,2,0.000,1.000,3,0.000,1.000
246,G30,"Core 6 Clock",0.000,0.000,0.000,0.000,0.000,0,0.000,1.000,1,0.000,1.000,2,0.000,1.000,3,0.000,1.000
247,H30,"Core 7 Clock",0.000,0.000,0.000,0.000,0.000,0,0.000,1.000,1,0.000,1.000,2,0.000,1.000,3,0.000,1.000
248,A31,"Core 0 Effective Clock",0.000,0.000,0.000,0.000,0.000,0,0.000,1.000,1,0.000,1.000,2,0.000,1.000,3,0.000,1.000
249,B31,"Core 1 Effective Clock",0.000,0.000,0.000,0.000,0.000,0,0.000,1.000,1,0.000,1.000,2,0.000,1.000,3,0.000,1.000
250,C31,"Core 2 Effective Clock",0.000,0.000,0.000,0.000,0.000,0,0.000,1.000,1,0.000,1.000,2,0.000,1.000,3,0.000,1.000
251,D31,"Core 3 Effective Clock",0.000,0.000,0.000,0.000,0.000,0,0.000,1.000,1,0.000,1.000,2,0.000,1.000,3,0.000,1.000
252,E31,"Core 4 Effective Clock",0.000,0.000,0.000,0.000,0.000,0,0.000,1.000,1,0.000,1.000,2,0.000,1.000,3,0.000,1.000
253,F31,"Core 5 Effective Clock",0.000,0.000,0.000,0.000,0.000,0,0.000,1.000,1,0.000,1.000,2,0.000,1.000,3,0.000,1.000
254,G31,"Core 6 Effective Clock",0.000,0.000,0.000,0.000,0.000,0,0.000,1.000,1,0.000,1.000,2,0.000,1.000,3,0.000,1.000
255,H31,"Core 7 Effective Clock",0.000,0.000,0.000,0.000,0.000,0,0.000,1.000,1,0.000,1.000,2,0.000,1.000,3,0.000,1.000
256,A32,"Core 0 C0 Residency",0.000,0.000,0.000,0.000,0.000,0,0.000,1.000,1,0.000,1.000,2,0.000,1.000,3,0.000,1.000
257,B32,"Core 1 C0 Residency",0.000,0.000,0.000,0.000,0.000,0,0.000,1.000,1,0.000,1.000,2,0.000,1.000,3,0.000,1.000
258,C32,"Core 2 C0 Residency",0.000,0.000,0.000,0.000,0.000,0,0.000,1.000,1,0.000,1.000,2,0.000,1.000,3,0.000,1.000
259,D32,"Core 3 C0 Residency",0.000,0.000,0.000,0.000,0.000,0,0.000,1.000,1,0.000,1.000,2,0.000,1.000,3,0.000,1.000
260,E32,"Core 4 C0 Residency",0.000,0.000,0.000,0.000,0.000,0,0.000,1.000,1,0.000,1.000,2,0.000,1.000,3,0.000,1.000
261,F32,"Core 5 C0 Residency",0.000,0.000,0.000,0.000,0.000,0,0.000,1.000,1,0.000,1.000,2,0.000,1.000,3,0.000,1.000
262,G32,"Core 6 C0 Residency",0.000,0.000,0.000,0.000,0.000,0,0.000,1.000,1,0.000,1.000,2,0.000,1.000,3,0.000,1.000
263,H32,"Core 7 C0 Residency",0.000,0.000,0.000,0.000,0.000,0,0.000,1.000,1,0.000,1.000,2,0.000,1.000,3,0.000,1.000
264,A33,"Core 0 CC1 Residency",0.000,0.000,0.000,0.000,0.000,0,0.000,1.000,1,0.000,1.000,2,0.000,1.000,3,0.000,1.000
265,B33,"Core 1 CC1 Residency",0.000,0.000,0.000,0.000,0.000,0,0.000,1.000,1,0.000,1.000,2,0.000,1.000,3,0.000,1.000
266,C33,"Core 2 CC1 Residency",0.000,0.000,0.000,0.000,0.000,0,0.000,1.000,1,0.000,1.000,2,0.000,1.000,3,0.000,1.000
267,D33,"Core 3 CC1 Residency",0.000,0.000,0.000,0.000,0.000,0,0.000,1.000,1,0.000,1.000,2,0.000,1.000,3,0.000,1.000
268,E33,"Core 4 CC1 Residency",0.000,0.000,0.000,0.000,0.000,0,0.000,1.000,1,0.000,1.000,2,0.000,1.000,3,0.000,1.000
269,F33,"Core 5 CC1 Residency",0.000,0.000,0.000,0.000,0.000,0,0.000,1.000,1,0.000,1.000,2,0.000,1.000,3,0.000,1.000
270,G33,"Core 6 CC1 Residency",0.000,0.000,0.000,0.000,0.000,0,0.000,1.000,1,0.000,1.000,2,0.000,1.000,3,0.000,1.000
271,H33,"Core 7 CC1 Residency",0.000,0.000,0.000,0.000,0.000,0,0.000,1.000,1,0.000,1.000,2,0.000,1.000,3,0.000,1.000
272,A34,"Core 0 CC6 Residency",0.000,0.000,0.000,0.000,0.000,0,0.000,1.000,1,0.000,1.000,2,0.000,1.000,3,0.000,1.000
273,B34,"Core 1 CC6 Residency",0.000,0.000,0.000,0.000,0.000,0,0.000,1.000,1,0.000,1.000,2,0.000,1.000,3,0.000,1.000
274,C34,"Core 2 CC6 Residency",0.000,0.000,0.000,0.000,0.000,0,0.000,1.000,1,0.000,1.000,2,0.000,1.000,3,0.000,1.000
275,D34,"Core 3 CC6 Residency",0.000,0.000,0.000,0.000,0.000,0,0.000,1.000,1,0.000,1.000,2,0.000,1.000,3,0.000,1.000
276,E34,"Core 4 CC6 Residency",0.000,0.000,0.000,0.000,0.000,0,0.000,1.000,1,0.000,1.000,2,0.000,1.000,3,0.000,1.000
277,F34,"Core 5 CC6 Residency",0.000,0.000,0.000,0.000,0.000,0,0.000,1.000,1,0.000,1.000,2,0.000,1.000,3,0.000,1.000
278,G34,"Core 6 CC6 Residency",0.000,0.000,0.000,0.000,0.000,0,0.000,1.000,1,0.000,1.000,2,0.000,1.000,3,0.000,1.000
279,H34,"Core 7 CC6 Residency",0.000,0.000,0.000,0.000,0.000,0,0.000,1.000,1,0.000,1.000,2,0.000,1.000,3,0.000,1.000
280,A35,"",0.000,0.000,0.000,0.000,0.000,0,0.000,1.000,1,0.000,1.000,2,0.000,1.000,3,0.000,1.000
281,B35,"",0.000,0.000,0.000,0.000,0.000,0,0.000,1.000,1,0.000,1.000,2,0.000,1.000,3,0.000,1.000
282,C35,"",0.000,0.000,0.000,0.000,0.000,0,0.000,1.000,1,0.000,1.000,2,0.000,1.000,3,0.000,1.000
283,D35,"",0.000,0.000,0.000,0.000,0.000,0,0.000,1.000,1,0.000,1.000,2,0.000,1.000,3,0.000,1.000
284,E35,"",0.000,0.000,0.000,0.000,0.000,0,0.000,1.000,1,0.000,1.000,2,0.000,1.000,3,0.000,1.000
285,F35,"",0.000,0.000,0.000,0.000,0.000,0,0.000,1.000,1,0.000,1.000,2,0.000,1.000,3,0.000,1.000
286,G35,"",0.000,0.000,0.000,0.000,0.000,0,0.000,1.000,1,0.000,1.000,2,0.000,1.000,3,0.000,1.000
287,H35,"",0.903,0.903,1.806,0.903,0.013,25,0.138,1.000,8,0.123,1.000,13,0.109,1.000,14,0.104,1.000
288,A36,"",0.903,0.903,1.806,0.903,0.013,25,0.138,1.000,8,0.123,1.000,13,0.109,1.000,14,0.104,1.000
289,B36,"",0.000,0.000,0.000,0.000,0.000,0,0.000,1.000,1,0.000,1.000,2,0.000,1.000,3,0.000,1.000
290,C36,"",0.000,0.000,0.000,0.000,0.000,0,0.000,1.000,1,0.000,1.000,2,0.000,1.000,3,0.000,1.000
291,D36,"",0.000,0.000,0.000,0.000,0.000,0,0.000,1.000,1,0.000,1.000,2,0.000,1.000,3,0.000,1.000
292,E36,"",0.000,0.000,0.000,0.000,0.000,0,0.000,1.000,1,0.000,1.000,2,0.000,1.000,3,0.000,1.000
293,F36,"",0.000,0.000,0.000,0.000,0.000,0,0.000,1.000,1,0.000,1.000,2,0.000,1.000,3,0.000,1.000
294,G36,"",0.000,0.000,0.000,0.000,0.000,0,0.000,1.000,1,0.000,1.000,2,0.000,1.000,3,0.000,1.000
295,H36,"",0.000,0.000,0.000,0.000,0.000,0,0.000,1.000,1,0.000,1.000,2,0.000,1.000,3,0.000,1.000
296,A37,"",0.000,0.000,0.000,0.000,0.000,0,0.000,1.000,1,0.000,1.000,2,0.000,1.000,3,0.000,1.000
297,B37,"",0.000,0.000,0.000,0.000,0.000,0,0.000,1.000,1,0.000,1.000,2,0.000,1.000,3,0.000,1.000
298,C37,"",0.000,0.000,0.000,0.000,0.000,0,0.000,1.000,1,0.000,1.000,2,0.000,1.000,3,0.000,1.000
299,D37,"",0.903,0.903,1.806,0.903,0.012,25,0.147,1.000,8,0.123,1.000,13,0.109,1.000,14,0.104,1.000
300,E37,"",0.903,0.903,1.806,0.903,0.012,25,0.147,1.000,8,0.123,1.000,13,0.109,1.000,14,0.104,1.000
301,F37,"",0.000,0.000,0.000,0.000,0.000,0,0.000,1.000,1,0.000,1.000,2,0.000,1.000,3,0.000,1.000
302,G37,"",0.000,0.000,0.000,0.000,0.000,0,0.000,1.000,1,0.000,1.000,2,0.000,1.000,3,0.000,1.000
303,H37,"",0.000,0.000,0.000,0.000,0.000,0,0.000,1.000,1,0.000,1.000,2,0.000,1.000,3,0.000,1.000
304,A38,"",0.000,0.000,0.000,0.000,0.000,0,0.000,1.000,1,0.000,1.000,2,0.000,1.000,3,0.000,1.000
305,B38,"",0.000,0.000,0.000,0.000,0.000,0,0.000,1.000,1,0.000,1.000,2,0.000,1.000,3,0.000,1.000
306,C38,"",0.000,0.000,0.000,0.000,0.000,0,0.000,1.000,1,0.000,1.000,2,0.000,1.000,3,0.000,1.000
307,D38,"",0.000,0.000,0.000,0.000,0.000,0,0.000,1.000,1,0.000,1.000,2,0.000,1.000,3,0.000,1.000
308,E38,"",0.000,0.000,0.000,0.000,0.000,0,0.000,1.000,1,0.000,1.000,2,0.000,1.000,3,0.000,1.000
309,F38,"",0.000,0.000,0.000,0.000,0.000,0,0.000,1.000,1,0.000,1.000,2,0.000,1.000,3,0.000,1.000
310,G38,"",0.000,0.000,0.000,0.000,0.000,0,0.000,1.000,1,0.000,1.000,2,0.000,1.000,3,0.000,1.000
311,H38,"",32.000,32.000,64.000,32.053,1.299,15,0.109,1.000,13,0.094,1.000,1,0.092,1.000,18,0.089,1.000
312,A39,"",32.000,32.000,64.000,32.053,1.299,15,0.109,1.000,13,0.094,1.000,1,0.092,1.000,18,0.089,1.000
313,B39,"",5.500,5.500,11.000,5.509,0.222,15,0.110,1.000,1,0.100,1.000,13,0.095,1.000,18,0.090,1.000
314,C39,"",4.000,4.000,8.000,4.007,0.162,15,0.110,1.000,1,0.100,1.000,13,0.095,1.000,18,0.090,1.000
315,D39,"",0.039,0.000,0.137,0.026,0.015,1,0.111,1.000,0,0.078,1.000,4,0.042,1.000,13,0.039,1.000
316,E39,"",0.000,0.000,5.475,0.000,0.027,0,0.000,1.000,1,0.000,1.000,2,0.000,1.000,3,0.000,1.000
317,F39,"",0.025,0.000,4.864,0.092,0.227,0,0.106,1.000,10,0.060,1.000,20,0.060,1.000,11,0.052,1.000
318,G39,"",0.000,0.000,0.012,0.000,0.000,10,0.123,1.000,2,0.078,1.000,11,0.050,1.000,31,0.000,1.000
319,H39,"",350.000,350.000,350.000,350.000,0.000,0,0.000,1.000,1,0.000,1.000,2,0.000,1.000,3,0.000,1.000
320,A40,"",0.000,0.000,0.000,0.000,0.000,0,0.000,1.000,1,0.000,1.000,2,0.000,1.000,3,0.000,1.000
321,B40,"",0.900,0.900,0.900,0.900,0.000,0,0.000,1.000,1,0.000,1.000,2,0.000,1.000,3,0.000,1.000
322,C40,"",77.750,60.000,93.125,68.034,4.177,1,0.186,1.000,0,0.147,1.000,20,0.097,1.000,30,0.076,1.000
323,D40,"",1.255,1.075,1.440,1.327,0.061,0,0.167,1.000,1,0.063,1.000,8,0.039,1.000,27,0.020,1.000
324,E40,"",4.925,4.400,5.350,5.074,0.139,0,0.158,1.000,1,0.066,1.000,30,0.034,1.000,8,0.026,1.000
325,F40,"",1.389,0.109,27.798,1.683,2.528,0,0.088,1.000,1,0.000,1.000,2,0.000,1.000,3,0.000,1.000
326,G40,"",4.925,4.411,10.534,5.079,0.244,1,0.105,1.000,15,0.081,1.000,13,0.077,1.000,18,0.070,1.000
327,H40,"",1.241,0.918,2.743,1.313,0.081,0,0.124,1.000,1,0.097,1.000,15,0.063,1.000,13,0.061,1.000
328,A41,"",0.650,0.650,2.728,0.833,0.275,0,0.187,1.000,1,0.093,1.000,2,0.069,1.000,13,0.058,1.000
329,B41,"",0.010,0.010,0.055,0.010,0.001,1,0.693,1.000,30,0.316,1.000,15,0.070,1.000,23,0.000,1.000
330,C41,"",0.010,0.010,0.020,0.010,0.000,1,0.112,1.000,15,0.103,1.000,13,0.097,1.000,18,0.092,1.000
331,D41,"",76.026,68.689,199.559,75.800,7.007,0,0.108,1.000,30,0.016,1.000,23,0.000,1.000,18,0.000,1.000
332,E41,"",0.000,0.000,0.000,0.000,0.000,0,0.000,1.000,1,0.000,1.000,2,0.000,1.000,3,0.000,1.000
333,F41,"",0.000,0.000,0.000,0.000,0.000,0,0.000,1.000,1,0.000,1.000,2,0.000,1.000,3,0.000,1.000
334,G41,"",0.000,0.000,200.000,81.497,37.230,0,0.183,1.000,1,0.070,1.000,2,0.028,1.000,30,0.027,1.000
335,H41,"",0.000,0.000,0.000,0.000,0.000,0,0.000,1.000,1,0.000,1.000,2,0.000,1.000,3,0.000,1.000
336,A42,"",0.000,0.000,0.000,0.000,0.000,0,0.000,1.000,1,0.000,1.000,2,0.000,1.000,3,0.000,1.000
337,B42,"",0.000,0.000,0.000,0.000,0.000,0,0.000,1.000,1,0.000,1.000,2,0.000,1.000,3,0.000,1.000
338,C42,"",1000.000,1000.000,1000.000,1000.000,0.000,0,0.000,1.000,1,0.000,1.000,2,0.000,1.000,3,0.000,1.000
339,D42,"",500.000,500.000,500.000,500.000,0.000,0,0.000,1.000,1,0.000,1.000,2,0.000,1.000,3,0.000,1.000
340,E42,"",76.766,38.682,197.932,52.913,14.135,0,0.133,1.000,1,0.112,1.000,2,0.048,1.000,4,0.044,1.000
341,F42,"",100.000,43.768,200.000,99.546,6.103,15,0.075,1.000,18,0.053,1.000,12,0.044,1.000,31,0.018,1.000
342,G42,"",0.253,0.000,14.137,1.335,1.263,0,0.142,1.000,16,0.122,1.000,21,0.028,1.000,30,0.000,1.000
343,H42,"",8.169,0.000,15.459,3.078,2.168,0,0.106,1.000,3,0.103,1.000,1,0.102,1.000,5,0.094,1.000
344,A43,"",1.243,0.000,14.095,1.871,1.360,1,0.121,1.000,2,0.109,1.000,18,0.098,1.000,30,0.070,1.000
345,B43,"",2.733,0.000,15.202,3.283,2.093,1,0.213,1.000,0,0.138,1.000,2,0.100,1.000,3,0.086,1.000
346,C43,"",2.409,0.000,14.924,2.348,1.197,4,0.144,1.000,1,0.122,1.000,20,0.096,1.000,30,0.070,1.000
347,D43,"",1.328,0.000,13.262,1.680,1.316,5,0.130,1.000,21,0.094,1.000,0,0.059,1.000,20,0.038,1.000
348,E43,"",1.254,0.000,14.775,2.243,1.542,6,0.108,1.000,1,0.093,1.000,22,0.074,1.000,16,0.068,1.000
349,F43,"",1.328,0.000,14.712,2.084,1.470,7,0.107,1.000,23,0.073,1.000,30,0.058,1.000,18,0.047,1.000
350,G43,"",0.045,0.000,8.752,0.234,0.849,24,0.148,1.000,8,0.118,1.000,0,0.000,1.000,1,0.000,1.000
351,H43,"",0.045,0.000,9.268,0.235,0.850,25,0.142,1.000,9,0.118,1.000,0,0.000,1.000,1,0.000,1.000
352,A44,"",0.045,0.000,7.764,0.235,0.854,26,0.145,1.000,10,0.131,1.000,0,0.000,1.000,1,0.000,1.000
353,B44,"",0.045,0.000,9.242,0.243,0.876,27,0.152,1.000,11,0.134,1.000,0,0.000,1.000,1,0.000,1.000
354,C44,"",0.045,0.000,9.125,0.240,0.867,28,0.157,1.000,12,0.131,1.000,0,0.000,1.000,1,0.000,1.000
355,D44,"",0.045,0.000,9.955,0.244,0.871,29,0.155,1.000,13,0.143,1.000,0,0.000,1.000,1,0.000,1.000
356,E44,"",0.045,0.000,8.940,0.241,0.866,30,0.155,1.000,14,0.154,1.000,0,0.000,1.000,1,0.000,1.000
357,F44,"",0.045,0.000,9.239,0.238,0.864,15,0.150,1.000,31,0.147,1.000,0,0.000,1.000,1,0.000,1.000
358,G44,"",1.240,0.000,1.405,1.033,0.298,0,0.149,1.000,2,0.096,1.000,1,0.095,1.000,3,0.090,1.000
359,H44,"",1.198,0.000,1.378,1.106,0.229,0,0.145,1.000,1,0.124,1.000,2,0.082,1.000,4,0.069,1.000
360,A45,"",1.233,0.000,1.406,1.051,0.294,0,0.163,1.000,1,0.122,1.000,2,0.089,1.000,4,0.077,1.000
361,B45,"",1.170,0.000,1.390,1.135,0.208,0,0.196,1.000,1,0.166,1.000,3,0.159,1.000,2,0.106,1.000
362,C45,"",1.241,0.000,1.429,1.119,0.280,0,0.174,1.000,1,0.123,1.000,3,0.103,1.000,2,0.096,1.000
363,D45,"",0.659,0.000,1.424,1.023,0.300,0,0.174,1.000,1,0.117,1.000,2,0.096,1.000,3,0.090,1.000
364,E45,"",0.653,0.000,1.393,1.052,0.272,0,0.203,1.000,2,0.125,1.000,1,0.083,1.000,5,0.073,1.000
365,F45,"",0.652,0.000,1.404,1.040,0.279,0,0.195,1.000,2,0.112,1.000,3,0.088,1.000,1,0.079,1.000
366,G45,"",0.650,0.000,1.424,0.709,0.168,24,0.111,1.000,8,0.106,1.000,30,0.000,1.000,23,0.000,1.000
367,H45,"",0.650,0.000,1.398,0.700,0.152,9,0.127,1.000,25,0.125,1.000,30,0.000,1.000,29,0.000,1.000
368,A46,"",0.650,0.000,1.419,0.703,0.161,10,0.119,1.000,26,0.114,1.000,21,0.000,1.000,20,0.000,1.000
369,B46,"",0.650,0.000,1.430,0.699,0.153,27,0.131,1.000,11,0.130,1.000,26,0.000,1.000,22,0.000,1.000
370,C46,"",0.650,0.000,1.405,0.696,0.148,12,0.137,1.000,28,0.135,1.000,31,0.000,1.000,21,0.000,1.000
371,D46,"",0.650,0.000,1.404,0.699,0.154,13,0.133,1.000,29,0.124,1.000,25,0.000,1.000,15,0.000,1.000
372,E46,"",0.650,0.000,1.435,0.700,0.155,14,0.131,1.000,30,0.128,1.000,29,0.000,1.000,28,0.000,1.000
373,F46,"",0.650,0.000,1.421,0.696,0.149,15,0.134,1.000,31,0.124,1.000,0,0.000,1.000,1,0.000,1.000
374,G46,"",63.375,0.000,80.375,61.825,1.829,16,0.200,1.000,30,0.077,1.000,21,0.073,1.000,1,0.063,1.000
375,H46,"",77.750,0.000,91.562,65.687,3.394,1,0.164,1.000,30,0.102,1.000,0,0.083,1.000,20,0.080,1.000
376,A47,"",63.375,0.000,90.750,62.054,2.433,1,0.201,1.000,30,0.149,1.000,18,0.148,1.000,21,0.080,1.000
377,B47,"",68.000,0.000,92.625,66.040,3.423,1,0.236,1.000,15,0.107,1.000,20,0.087,1.000,30,0.085,1.000
378,C47,"",64.750,0.000,92.125,63.086,2.393,1,0.218,1.000,20,0.162,1.000,30,0.144,1.000,21,0.056,1.000
379,D47,"",65.125,0.000,86.500,63.366,2.371,21,0.165,1.000,20,0.082,1.000,1,0.080,1.000,30,0.078,1.000
380,E47,"",63.750,0.000,91.750,62.978,2.902,1,0.163,1.000,22,0.116,1.000,30,0.113,1.000,20,0.097,1.000
381,F47,"",65.125,0.000,91.750,63.321,2.782,1,0.152,1.000,23,0.121,1.000,30,0.121,1.000,20,0.074,1.000
382,G47,"",56.375,0.000,77.375,55.162,2.304,24,0.132,1.000,0,0.048,1.000,1,0.000,1.000,2,0.000,1.000
383,H47,"",56.625,0.000,77.312,55.344,2.403,25,0.125,1.000,0,0.072,1.000,27,0.000,1.000,9,0.000,1.000
384,A48,"",56.125,0.000,73.188,54.978,2.404,26,0.113,1.000,0,0.066,1.000,10,0.000,1.000,1,0.000,1.000
385,B48,"",56.750,0.000,74.625,55.289,2.535,27,0.120,1.000,0,0.080,1.000,11,0.000,1.000,1,0.000,1.000
386,C48,"",56.125,0.000,78.500,54.890,2.526,28,0.123,1.000,0,0.071,1.000,12,0.041,1.000,1,0.000,1.000
387,D48,"",56.250,0.000,75.000,55.117,2.589,29,0.120,1.000,0,0.078,1.000,13,0.061,1.000,1,0.000,1.000
388,E48,"",56.500,0.000,76.938,55.342,2.430,30,0.143,1.000,14,0.094,1.000,0,0.044,1.000,1,0.000,1.000
389,F48,"",56.250,0.000,77.875,55.231,2.633,31,0.133,1.000,15,0.095,1.000,0,0.049,1.000,1,0.000,1.000
390,G48,"",4.925,0.000,5.225,3.770,1.397,0,0.120,1.000,2,0.082,1.000,3,0.081,1.000,1,0.076,1.000
391,H48,"",4.925,0.000,5.350,4.429,1.181,0,0.122,1.000,1,0.113,1.000,2,0.066,1.000,4,0.062,1.000
392,A49,"",4.925,0.000,5.250,3.874,1.396,0,0.144,1.000,1,0.113,1.000,4,0.069,1.000,2,0.064,1.000
393,B49,"",4.925,0.000,5.350,4.578,1.068,0,0.189,1.000,1,0.166,1.000,3,0.163,1.000,2,0.102,1.000
394,C49,"",4.925,0.000,5.250,4.161,1.307,0,0.156,1.000,1,0.113,1.000,3,0.096,1.000,2,0.082,1.000
395,D49,"",1.970,0.000,5.250,3.737,1.418,0,0.158,1.000,1,0.105,1.000,3,0.080,1.000,2,0.080,1.000
396,E49,"",1.970,0.000,5.300,4.024,1.364,0,0.195,1.000,2,0.121,1.000,5,0.069,1.000,6,0.063,1.000
397,F49,"",1.970,0.000,5.300,3.940,1.384,0,0.186,1.000,2,0.104,1.000,3,0.077,1.000,5,0.065,1.000
398,G49,"",1.800,0.000,5.125,2.147,0.891,24,0.099,1.000,8,0.091,1.000,30,0.000,1.000,23,0.000,1.000
399,H49,"GFX Voltage",1.800,0.000,5.225,2.131,0.877,25,0.106,1.000,9,0.097,1.000,30,0.000,1.000,29,0.000,1.000
400,A50,"SoC Temperature",1.800,0.000,5.100,2.113,0.846,10,0.102,1.000,26,0.102,1.000,21,0.000,1.000,20,0.000,1.000
401,B50,"",1.800,0.000,5.200,2.118,0.857,27,0.113,1.000,11,0.105,1.000,26,0.000,1.000,22,0.000,1.000
402,C50,"GFX Frequency",1.800,0.000,5.225,2.110,0.845,28,0.111,1.000,12,0.109,1.000,31,0.000,1.000,0,0.000,1.000
403,D50,"",1.800,0.000,5.200,2.122,0.863,29,0.106,1.000,13,0.105,1.000,25,0.000,1.000,22,0.000,1.000
404,E50,"GFX Busy",1.800,0.000,5.175,2.111,0.846,30,0.115,1.000,14,0.106,1.000,28,0.000,1.000,25,0.000,1.000
405,F50,"",1.800,0.000,5.175,2.098,0.827,15,0.112,1.000,31,0.107,1.000,0,0.000,1.000,1,0.000,1.000
406,G50,"",0.000,0.000,5.181,0.347,1.109,16,0.138,1.000,0,0.011,1.000,1,0.000,1.000,2,0.000,1.000
407,H50,"",4.782,0.000,5.251,1.138,1.607,17,0.082,1.000,1,0.060,1.000,30,0.031,1.000,23,0.000,1.000
408,A51,"",0.039,0.000,5.185,0.459,1.195,18,0.130,1.000,2,0.072,1.000,30,0.009,1.000,23,0.000,1.000
409,B51,"FCLK",1.779,0.000,5.241,1.317,1.630,3,0.085,1.000,19,0.082,1.000,1,0.037,1.000,15,0.036,1.000
410,C51,"UCLK",0.046,0.000,5.182,0.582,1.234,20,0.119,1.000,4,0.094,1.000,30,0.000,1.000,0,0.000,1.000
411,D51,"MEMCLK",0.000,0.000,5.187,0.408,1.164,21,0.129,1.000,5,0.104,1.000,20,0.000,1.000,0,0.000,1.000
412,E51,"",0.000,0.000,5.250,0.626,1.328,22,0.113,1.000,6,0.098,1.000,30,0.000,1.000,20,0.000,1.000
413,F51,"",0.000,0.000,5.207,0.541,1.264,23,0.116,1.000,7,0.107,1.000,30,0.000,1.000,20,0.000,1.000
414,G51,"",0.000,0.000,5.080,0.261,1.081,24,0.138,1.000,8,0.121,1.000,0,0.000,1.000,1,0.000,1.000
415,H51,"",0.000,0.000,5.182,0.265,1.091,25,0.137,1.000,9,0.122,1.000,0,0.000,1.000,1,0.000,1.000
416,A52,"",0.000,0.000,5.064,0.263,1.086,26,0.133,1.000,10,0.127,1.000,0,0.000,1.000,1,0.000,1.000
417,B52,"",0.000,0.000,5.161,0.271,1.104,27,0.145,1.000,11,0.128,1.000,0,0.000,1.000,1,0.000,1.000
418,C52,"",0.000,0.000,5.182,0.268,1.097,28,0.141,1.000,12,0.133,1.000,0,0.000,1.000,1,0.000,1.000
419,D52,"FCLK Effective",0.000,0.000,5.159,0.267,1.094,29,0.142,1.000,13,0.136,1.000,0,0.000,1.000,1,0.000,1.000
420,E52,"",0.000,0.000,5.111,0.266,1.094,30,0.148,1.000,14,0.135,1.000,0,0.000,1.000,1,0.000,1.000
421,F52,"",0.000,0.000,5.129,0.262,1.086,15,0.140,1.000,31,0.137,1.000,0,0.000,1.000,1,0.000,1.000
422,G52,"",0.010,0.000,100.000,8.688,23.293,16,0.125,1.000,0,0.000,1.000,1,0.000,1.000,2,0.000,1.000
423,H52,"",100.000,0.000,100.000,24.603,32.994,17,0.072,1.000,1,0.040,1.000,30,0.031,1.000,23,0.000,1.000
424,A53,"",2.060,0.000,100.000,10.860,25.107,18,0.117,1.000,2,0.052,1.000,30,0.013,1.000,23,0.000,1.000
425,B53,"",35.820,0.000,100.000,27.832,33.224,19,0.074,1.000,3,0.070,1.000,15,0.034,1.000,1,0.019,1.000
426,C53,"",0.980,0.000,100.000,13.206,25.766,20,0.111,1.000,4,0.078,1.000,30,0.000,1.000,23,0.000,1.000
427,D53,"",0.000,0.000,100.000,9.798,24.437,21,0.119,1.000,5,0.090,1.000,20,0.000,1.000,0,0.000,1.000
428,E53,"",0.000,0.000,100.000,14.314,27.731,22,0.102,1.000,6,0.083,1.000,30,0.000,1.000,20,0.000,1.000
429,F53,"",0.000,0.000,100.000,12.579,26.449,23,0.106,1.000,7,0.093,1.000,30,0.000,1.000,20,0.000,1.000
430,G53,"",0.000,0.000,100.000,5.748,22.687,24,0.134,1.000,8,0.119,1.000,0,0.000,1.000,1,0.000,1.000
431,H53,"",0.000,0.000,100.000,5.791,22.819,25,0.132,1.000,9,0.118,1.000,0,0.000,1.000,1,0.000,1.000
432,A54,"",0.000,0.000,100.000,5.699,22.726,26,0.129,1.000,10,0.126,1.000,0,0.000,1.000,1,0.000,1.000
433,B54,"",0.000,0.000,100.000,5.867,23.051,27,0.140,1.000,11,0.125,1.000,0,0.000,1.000,1,0.000,1.000
434,C54,"",0.000,0.000,100.000,5.778,22.881,28,0.135,1.000,12,0.129,1.000,0,0.000,1.000,1,0.000,1.000
435,D54,"",0.000,0.000,100.000,5.767,22.808,29,0.136,1.000,13,0.131,1.000,0,0.000,1.000,1,0.000,1.000
436,E54,"",0.000,0.000,100.000,5.744,22.821,30,0.145,1.000,14,0.130,1.000,0,0.000,1.000,1,0.000,1.000
437,F54,"",0.000,0.000,100.000,5.639,22.645,15,0.136,1.000,31,0.133,1.000,0,0.000,1.000,1,0.000,1.000
438,G54,"",19.720,0.000,100.000,48.251,45.781,1,0.100,1.000,2,0.059,1.000,3,0.033,1.000,11,0.026,1.000
439,H54,"",0.000,0.000,100.000,68.934,36.888,17,0.075,1.000,1,0.027,1.000,31,0.016,1.000,30,0.014,1.000
440,A55,"",97.940,0.000,100.000,65.591,42.944,0,0.061,1.000,18,0.054,1.000,31,0.020,1.000,26,0.019,1.000
441,B55,"",64.180,0.000,100.000,69.624,34.693,3,0.085,1.000,19,0.080,1.000,15,0.052,1.000,1,0.021,1.000
442,C55,"",99.020,0.000,100.000,79.646,33.317,4,0.111,1.000,20,0.094,1.000,27,0.028,1.000,31,0.011,1.000
443,D55,"",100.000,0.000,100.000,59.239,45.057,5,0.055,1.000,0,0.031,1.000,21,0.030,1.000,28,0.017,1.000
444,E55,"",100.000,0.000,100.000,70.550,39.641,6,0.086,1.000,22,0.076,1.000,16,0.047,1.000,18,0.034,1.000
445,F55,"",100.000,0.000,100.000,68.156,41.309,7,0.081,1.000,23,0.063,1.000,28,0.040,1.000,0,0.033,1.000
446,G55,"",0.000,0.000,100.000,1.223,9.019,1,0.064,1.000,30,0.063,1.000,26,0.000,1.000,21,0.000,1.000
447,H55,"",0.000,0.000,100.000,1.243,9.326,1,0.066,1.000,30,0.063,1.000,27,0.048,1.000,21,0.000,1.000
448,A56,"",0.000,0.000,100.000,1.188,9.308,30,0.077,1.000,1,0.071,1.000,27,0.031,1.000,8,0.000,1.000
449,B56,"",0.000,0.000,100.000,1.190,9.299,30,0.071,1.000,1,0.052,1.000,8,0.000,1.000,0,0.000,1.000
450,C56,"",0.000,0.000,100.000,1.286,9.862,30,0.081,1.000,21,0.028,1.000,8,0.000,1.000,0,0.000,1.000
451,D56,"",0.000,0.000,100.000,1.574,11.031,30,0.041,1.000,15,0.000,1.000,8,0.000,1.000,0,0.000,1.000
452,E56,"",0.000,0.000,100.000,1.309,9.950,30,0.019,1.000,8,0.000,1.000,0,0.000,1.000,1,0.000,1.000
453,F56,"",0.000,0.000,100.000,1.309,10.028,30,0.047,1.000,1,0.044,1.000,29,0.000,1.000,8,0.000,1.000
454,G56,"",80.270,0.000,100.000,43.057,46.213,0,0.152,1.000,3,0.076,1.000,6,0.074,1.000,9,0.050,1.000
455,H56,"",0.000,0.000,100.000,6.459,23.163,1,0.234,1.000,17,0.121,1.000,16,0.082,1.000,31,0.063,1.000
456,A57,"",0.000,0.000,100.000,23.545,40.392,1,0.130,1.000,0,0.112,1.000,2,0.093,1.000,4,0.071,1.000
457,B57,"",0.000,0.000,100.000,2.539,14.904,3,0.553,1.000,15,0.170,1.000,19,0.165,1.000,1,0.098,1.000
458,C57,"",0.000,0.000,100.000,7.143,24.396,4,0.269,1.000,11,0.098,1.000,3,0.093,1.000,8,0.092,1.000
459,D57,"",0.000,0.000,100.000,30.958,43.902,0,0.177,1.000,5,0.100,1.000,3,0.076,1.000,7,0.069,1.000
460,E57,"",0.000,0.000,100.000,15.131,34.120,0,0.280,1.000,6,0.149,1.000,2,0.149,1.000,16,0.096,1.000
461,F57,"",0.000,0.000,100.000,19.260,37.505,0,0.207,1.000,7,0.121,1.000,6,0.120,1.000,28,0.065,1.000
462,G57,"",100.000,0.000,100.000,93.024,24.405,24,0.121,1.000,8,0.106,1.000,0,0.000,1.000,1,0.000,1.000
463,H57,"",100.000,0.000,100.000,92.961,24.671,25,0.118,1.000,9,0.102,1.000,21,0.000,1.000,15,0.000,1.000
464,A58,"",100.000,0.000,100.000,93.108,24.539,26,0.115,1.000,10,0.109,1.000,0,0.000,1.000,1,0.000,1.000
465,B58,"",100.000,0.000,100.000,92.938,24.858,27,0.125,1.000,11,0.109,1.000,0,0.000,1.000,1,0.000,1.000
466,C58,"",100.000,0.000,100.000,92.932,24.930,28,0.119,1.000,12,0.110,1.000,21,0.000,1.000,0,0.000,1.000
467,D58,"",100.000,0.000,100.000,92.654,25.363,29,0.117,1.000,13,0.108,1.000,15,0.000,1.000,0,0.000,1.000
468,E58,"",100.000,0.000,100.000,92.943,24.906,30,0.130,1.000,14,0.111,1.000,0,0.000,1.000,1,0.000,1.000
469,F58,"",100.000,0.000,100.000,93.047,24.765,15,0.116,1.000,31,0.116,1.000,0,0.000,1.000,1,0.000,1.000
470,G58,"",0.000,0.000,0.000,0.000,0.000,0,0.000,1.000,1,0.000,1.000,2,0.000,1.000,3,0.000,1.000
471,H58,"",0.000,0.000,0.000,0.000,0.000,0,0.000,1.000,1,0.000,1.000,2,0.000,1.000,3,0.000,1.000
472,A59,"",0.000,0.000,0.000,0.000,0.000,0,0.000,1.000,1,0.000,1.000,2,0.000,1.000,3,0.000,1.000
473,B59,"",0.000,0.000,0.000,0.000,0.000,0,0.000,1.000,1,0.000,1.000,2,0.000,1.000,3,0.000,1.000
474,C59,"",0.000,0.000,0.000,0.000,0.000,0,0.000,1.000,1,0.000,1.000,2,0.000,1.000,3,0.000,1.000
475,D59,"",0.000,0.000,0.000,0.000,0.000,0,0.000,1.000,1,0.000,1.000,2,0.000,1.000,3,0.000,1.000
476,E59,"",0.000,0.000,0.000,0.000,0.000,0,0.000,1.000,1,0.000,1.000,2,0.000,1.000,3,0.000,1.000
477,F59,"",0.000,0.000,0.000,0.000,0.000,0,0.000,1.000,1,0.000,1.000,2,0.000,1.000,3,0.000,1.000
478,G59,"",0.000,0.000,0.000,0.000,0.000,0,0.000,1.000,1,0.000,1.000,2,0.000,1.000,3,0.000,1.000
479,H59,"",0.000,0.000,0.000,0.000,0.000,0,0.000,1.000,1,0.000,1.000,2,0.000,1.000,3,0.000,1.000
480,A60,"",0.000,0.000,0.000,0.000,0.000,0,0.000,1.000,1,0.000,1.000,2,0.000,1.000,3,0.000,1.000
481,B60,"",0.000,0.000,0.000,0.000,0.000,0,0.000,1.000,1,0.000,1.000,2,0.000,1.000,3,0.000,1.000
482,C60,"",0.000,0.000,0.000,0.000,0.000,0,0.000,1.000,1,0.000,1.000,2,0.000,1.000,3,0.000,1.000
483,D60,"",0.000,0.000,0.000,0.000,0.000,0,0.000,1.000,1,0.000,1.000,2,0.000,1.000,3,0.000,1.000
484,E60,"",0.000,0.000,0.000,0.000,0.000,0,0.000,1.000,1,0.000,1.000,2,0.000,1.000,3,0.000,1.000
485,F60,"",0.000,0.000,0.000,0.000,0.000,0,0.000,1.000,1,0.000,1.000,2,0.000,1.000,3,0.000,1.000
486,G60,"",5.350,0.000,5.350,5.350,0.037,1,0.216,1.000,13,0.194,1.000,0,0.000,1.000,2,0.000,1.000
487,H60,"",5.350,0.000,5.350,5.350,0.037,1,0.216,1.000,13,0.194,1.000,0,0.000,1.000,2,0.000,1.000
488,A61,"",5.350,0.000,5.350,5.350,0.037,1,0.216,1.000,13,0.194,1.000,0,0.000,1.000,2,0.000,1.000
489,B61,"",5.350,0.000,5.350,5.350,0.037,1,0.216,1.000,13,0.194,1.000,0,0.000,1.000,2,0.000,1.000
490,C61,"",5.350,0.000,5.350,5.350,0.037,1,0.216,1.000,13,0.194,1.000,0,0.000,1.000,2,0.000,1.000
491,D61,"",5.350,0.000,5.350,5.350,0.037,1,0.216,1.000,13,0.194,1.000,0,0.000,1.000,2,0.000,1.000
492,E61,"",5.350,0.000,5.350,5.350,0.037,1,0.216,1.000,13,0.194,1.000,0,0.000,1.000,2,0.000,1.000
493,F61,"",5.350,0.000,5.350,5.350,0.037,1,0.216,1.000,13,0.194,1.000,0,0.000,1.000,2,0.000,1.000
494,G61,"",5.350,0.000,5.350,5.350,0.037,1,0.216,1.000,13,0.194,1.000,0,0.000,1.000,2,0.000,1.000
495,H61,"",5.350,0.000,5.350,5.350,0.037,1,0.216,1.000,13,0.194,1.000,0,0.000,1.000,2,0.000,1.000
496,A62,"",5.350,0.000,5.350,5.350,0.037,1,0.216,1.000,13,0.194,1.000,0,0.000,1.000,2,0.000,1.000
497,B62,"",5.350,0.000,5.350,5.350,0.037,1,0.216,1.000,13,0.194,1.000,0,0.000,1.000,2,0.000,1.000
498,C62,"",5.350,0.000,5.350,5.350,0.037,1,0.216,1.000,13,0.194,1.000,0,0.000,1.000,2,0.000,1.000
499,D62,"",5.350,0.000,5.350,5.350,0.037,1,0.216,1.000,13,0.194,1.000,0,0.000,1.000,2,0.000,1.000
500,E62,"",5.350,0.000,5.350,5.350,0.037,1,0.216,1.000,13,0.194,1.000,0,0.000,1.000,2,0.000,1.000
501,F62,"",5.350,0.000,5.350,5.350,0.037,1,0.216,1.000,13,0.194,1.000,0,0.000,1.000,2,0.000,1.000
502,G62,"",0.645,0.000,0.645,0.645,0.004,1,0.216,1.000,13,0.194,1.000,0,0.000,1.000,2,0.000,1.000
503,H62,"",0.741,0.000,0.741,0.741,0.005,1,0.216,1.000,13,0.194,1.000,0,0.000,1.000,2,0.000,1.000
504,A63,"",0.677,0.000,0.677,0.677,0.005,1,0.216,1.000,13,0.194,1.000,0,0.000,1.000,2,0.000,1.000
505,B63,"",0.741,0.000,0.741,0.741,0.005,1,0.216,1.000,13,0.194,1.000,0,0.000,1.000,2,0.000,1.000
506,C63,"",0.709,0.000,0.709,0.709,0.005,1,0.216,1.000,13,0.194,1.000,0,0.000,1.000,2,0.000,1.000
507,D63,"",0.677,0.000,0.677,0.677,0.005,1,0.216,1.000,13,0.194,1.000,0,0.000,1.000,2,0.000,1.000
508,E63,"",0.741,0.000,0.741,0.741,0.005,1,0.216,1.000,13,0.194,1.000,0,0.000,1.000,2,0.000,1.000
509,F63,"",0.709,0.000,0.709,0.709,0.005,1,0.216,1.000,13,0.194,1.000,0,0.000,1.000,2,0.000,1.000
510,G63,"",0.548,0.000,0.548,0.548,0.004,1,0.216,1.000,13,0.194,1.000,0,0.000,1.000,2,0.000,1.000
511,H63,"",0.645,0.000,0.645,0.645,0.004,1,0.216,1.000,13,0.194,1.000,0,0.000,1.000,2,0.000,1.000
512,A64,"",0.516,0.000,0.516,0.516,0.004,1,0.216,1.000,13,0.194,1.000,0,0.000,1.000,2,0.000,1.000
513,B64,"",0.612,0.000,0.612,0.612,0.004,1,0.216,1.000,13,0.194,1.000,0,0.000,1.000,2,0.000,1.000
514,C64,"",0.612,0.000,0.612,0.612,0.004,1,0.216,1.000,13,0.194,1.000,0,0.000,1.000,2,0.000,1.000
515,D64,"",0.580,0.000,0.580,0.580,0.004,1,0.216,1.000,13,0.194,1.000,0,0.000,1.000,2,0.000,1.000
516,E64,"",0.580,0.000,0.580,0.580,0.004,1,0.216,1.000,13,0.194,1.000,0,0.000,1.000,2,0.000,1.000
517,F64,"",0.548,0.000,0.548,0.548,0.004,1,0.216,1.000,13,0.194,1.000,0,0.000,1.000,2,0.000,1.000
518,G64,"",0.000,0.000,11.000,0.176,0.654,30,0.030,1.000,24,0.000,1.000,23,0.000,1.000,19,0.000,1.000
519,H64,"",7.000,0.000,12.000,0.952,1.941,3,0.088,1.000,5,0.082,1.000,0,0.066,1.000,30,0.066,1.000
520,A65,"",0.000,0.000,12.000,0.263,0.902,1,0.139,1.000,30,0.111,1.000,28,0.044,1.000,21,0.041,1.000
521,B65,"",0.000,0.000,12.000,0.967,1.909,1,0.177,1.000,0,0.071,1.000,9,0.067,1.000,8,0.063,1.000
522,C65,"",0.000,0.000,12.000,0.314,0.954,1,0.154,1.000,30,0.093,1.000,20,0.023,1.000,11,0.003,1.000
523,D65,"",0.000,0.000,12.000,0.210,0.746,30,0.059,1.000,20,0.037,1.000,1,0.036,1.000,27,0.000,1.000
524,E65,"",0.000,0.000,12.000,0.447,1.242,1,0.107,1.000,30,0.061,1.000,20,0.058,1.000,17,0.048,1.000
525,F65,"",0.000,0.000,12.000,0.363,1.091,1,0.121,1.000,30,0.085,1.000,12,0.041,1.000,20,0.038,1.000
526,G65,"",0.000,0.000,11.000,0.084,0.425,24,0.020,1.000,0,0.000,1.000,1,0.000,1.000,2,0.000,1.000
527,H65,"",0.000,0.000,10.000,0.085,0.424,25,0.023,1.000,0,0.000,1.000,1,0.000,1.000,2,0.000,1.000
528,A66,"",0.000,0.000,8.000,0.080,0.403,26,0.033,1.000,10,0.000,1.000,0,0.000,1.000,1,0.000,1.000
529,B66,"",0.000,0.000,9.000,0.087,0.443,27,0.031,1.000,0,0.000,1.000,1,0.000,1.000,2,0.000,1.000
530,C66,"",0.000,0.000,12.000,0.087,0.443,28,0.027,1.000,12,0.000,1.000,0,0.000,1.000,1,0.000,1.000
531,D66,"",0.000,0.000,12.000,0.086,0.431,29,0.035,1.000,26,0.000,1.000,13,0.000,1.000,0,0.000,1.000
532,E66,"",0.000,0.000,10.000,0.083,0.420,30,0.054,1.000,0,0.000,1.000,1,0.000,1.000,2,0.000,1.000
533,F66,"",0.000,0.000,11.000,0.082,0.420,31,0.035,1.000,0,0.000,1.000,1,0.000,1.000,2,0.000,1.000
534,G66,"",0.000,0.000,16700.758,190.231,647.905,1,0.066,1.000,16,0.057,1.000,30,0.041,1.000,21,0.011,1.000
535,H66,"",5520.191,0.000,19379.832,921.718,1848.462,1,0.135,1.000,30,0.086,1.000,20,0.076,1.000,5,0.072,1.000
536,A67,"",39.825,0.000,20015.232,294.672,905.589,1,0.245,1.000,30,0.172,1.000,21,0.048,1.000,28,0.028,1.000
537,B67,"",560.556,0.000,19961.721,995.834,1875.779,1,0.222,1.000,20,0.082,1.000,0,0.069,1.000,30,0.064,1.000
538,C67,"",58.201,0.000,19074.205,365.704,966.456,1,0.254,1.000,30,0.147,1.000,20,0.101,1.000,27,0.000,1.000
539,D67,"",0.000,0.000,19892.000,236.328,732.809,1,0.120,1.000,20,0.081,1.000,30,0.067,1.000,21,0.043,1.000
540,E67,"",0.000,0.000,20180.877,450.083,1233.071,1,0.187,1.000,20,0.117,1.000,30,0.109,1.000,8,0.074,1.000
541,F67,"",0.000,0.000,20095.016,375.448,1100.039,1,0.232,1.000,30,0.138,1.000,20,0.088,1.000,18,0.017,1.000
542,G67,"",0.000,0.000,13232.628,109.055,489.546,24,0.090,1.000,8,0.054,1.000,0,0.000,1.000,1,0.000,1.000
543,H67,"",0.000,0.000,13380.578,110.902,491.897,25,0.091,1.000,9,0.062,1.000,0,0.000,1.000,1,0.000,1.000
544,A68,"",0.000,0.000,10232.605,107.486,471.431,26,0.093,1.000,10,0.075,1.000,0,0.000,1.000,1,0.000,1.000
545,B68,"",0.000,0.000,14056.140,115.001,510.585,27,0.095,1.000,11,0.068,1.000,0,0.000,1.000,1,0.000,1.000
546,C68,"",0.000,0.000,13576.496,113.670,505.077,28,0.092,1.000,12,0.076,1.000,0,0.000,1.000,1,0.000,1.000
547,D68,"",0.000,0.000,17881.602,112.221,493.731,29,0.097,1.000,13,0.084,1.000,26,0.000,1.000,0,0.000,1.000
548,E68,"",0.000,0.000,12651.475,111.057,488.310,30,0.107,1.000,14,0.085,1.000,0,0.000,1.000,1,0.000,1.000
549,F68,"",0.000,0.000,16609.309,109.871,493.229,31,0.092,1.000,15,0.089,1.000,0,0.000,1.000,1,0.000,1.000
550,G68,"",0.000,0.000,1.000,0.018,0.088,1,0.122,1.000,30,0.074,1.000,20,0.035,1.000,19,0.025,1.000
551,H68,"",1.000,0.000,1.000,0.173,0.277,3,0.077,1.000,5,0.057,1.000,30,0.055,1.000,0,0.049,1.000
552,A69,"",0.005,0.000,1.000,0.039,0.132,1,0.152,1.000,30,0.099,1.000,21,0.072,1.000,28,0.037,1.000
553,B69,"",0.358,0.000,1.000,0.227,0.303,15,0.056,1.000,1,0.040,1.000,31,0.016,1.000,30,0.015,1.000
554,C69,"",0.001,0.000,1.000,0.068,0.160,1,0.098,1.000,30,0.072,1.000,29,0.010,1.000,28,0.000,1.000
555,D69,"",0.000,0.000,1.000,0.029,0.110,1,0.124,1.000,30,0.087,1.000,22,0.042,1.000,20,0.035,1.000
556,E69,"",0.000,0.000,1.000,0.072,0.182,1,0.122,1.000,30,0.053,1.000,17,0.047,1.000,20,0.046,1.000
557,F69,"",0.000,0.000,1.000,0.054,0.157,1,0.117,1.000,30,0.069,1.000,20,0.040,1.000,17,0.030,1.000
558,G69,"",0.000,0.000,1.000,0.002,0.035,30,0.084,1.000,1,0.041,1.000,20,0.014,1.000,29,0.006,1.000
559,H69,"",0.000,0.000,1.000,0.002,0.037,30,0.078,1.000,1,0.075,1.000,8,0.000,1.000,0,0.000,1.000
560,A70,"",0.000,0.000,1.000,0.001,0.027,30,0.115,1.000,1,0.109,1.000,28,0.000,1.000,10,0.000,1.000
561,B70,"",0.000,0.000,1.000,0.002,0.042,30,0.082,1.000,22,0.000,1.000,8,0.000,1.000,0,0.000,1.000
562,C70,"",0.000,0.000,1.000,0.002,0.042,30,0.066,1.000,8,0.000,1.000,0,0.000,1.000,1,0.000,1.000
563,D70,"",0.000,0.000,1.000,0.002,0.038,30,0.085,1.000,27,0.000,1.000,26,0.000,1.000,8,0.000,1.000
564,E70,"",0.000,0.000,1.000,0.002,0.035,30,0.084,1.000,8,0.000,1.000,1,0.000,1.000,0,0.000,1.000
565,F70,"",0.000,0.000,1.000,0.002,0.036,30,0.083,1.000,1,0.000,1.000,0,0.000,1.000,2,0.000,1.000
566,G70,"",0.000,0.000,1.000,0.069,0.217,16,0.135,1.000,0,0.000,1.000,1,0.000,1.000,2,0.000,1.000
567,H70,"",0.000,0.000,1.000,0.073,0.222,17,0.130,1.000,1,0.026,1.000,30,0.000,1.000,0,0.000,1.000
568,A71,"",0.016,0.000,1.000,0.069,0.219,18,0.135,1.000,2,0.064,1.000,0,0.000,1.000,1,0.000,1.000
569,B71,"",0.000,0.000,1.000,0.052,0.180,19,0.192,1.000,3,0.171,1.000,21,0.027,1.000,27,0.000,1.000
570,C71,"",0.009,0.000,1.000,0.064,0.211,20,0.135,1.000,4,0.093,1.000,23,0.000,1.000,0,0.000,1.000
571,D71,"",0.000,0.000,1.000,0.069,0.221,21,0.135,1.000,5,0.103,1.000,0,0.000,1.000,1,0.000,1.000
572,E71,"Peak Core Temperature",0.000,0.000,1.000,0.071,0.221,22,0.139,1.000,6,0.112,1.000,0,0.000,1.000,1,0.000,1.000
573,F71,"Peak Core Voltage",0.000,0.000,1.000,0.071,0.221,23,0.135,1.000,7,0.116,1.000,20,0.000,1.000,0,0.000,1.000
574,G71,"Average Core Count",0.000,0.000,1.000,0.056,0.223,24,0.137,1.000,8,0.121,1.000,0,0.000,1.000,1,0.000,1.000
575,H71,"Max SoC Voltage",0.000,0.000,1.000,0.056,0.225,25,0.135,1.000,9,0.121,1.000,0,0.000,1.000,1,0.000,1.000
576,A72,"",0.000,0.000,1.000,0.056,0.225,26,0.131,1.000,10,0.127,1.000,0,0.000,1.000,1,0.000,1.000
577,B72,"",0.000,0.000,1.000,0.056,0.226,27,0.143,1.000,11,0.128,1.000,0,0.000,1.000,1,0.000,1.000
578,C72,"PROCHOT",0.000,0.000,1.000,0.055,0.224,28,0.138,1.000,12,0.132,1.000,0,0.000,1.000,1,0.000,1.000
579,D72,"",0.000,0.000,1.000,0.055,0.224,29,0.139,1.000,13,0.134,1.000,0,0.000,1.000,1,0.000,1.000
580,E72,"",0.000,0.000,1.000,0.055,0.225,30,0.146,1.000,14,0.132,1.000,0,0.000,1.000,1,0.000,1.000
581,F72,"",0.000,0.000,1.000,0.054,0.223,15,0.139,1.000,31,0.135,1.000,0,0.000,1.000,1,0.000,1.000
582,G72,"",2.610,0.000,7.593,3.250,0.645,0,0.147,1.000,1,0.061,1.000,8,0.048,1.000,2,0.027,1.000
583,H72,"",1.876,0.000,6.464,0.987,1.037,0,0.160,1.000,1,0.071,1.000,2,0.053,1.000,29,0.052,1.000
584,A73,"",0.571,0.000,0.699,0.516,0.021,1,0.153,1.000,20,0.083,1.000,30,0.068,1.000,21,0.062,1.000
585,B73,"",0.491,0.000,0.576,0.474,0.011,1,0.111,1.000,0,0.103,1.000,30,0.080,1.000,27,0.076,1.000
586,C73,"",1.000,0.000,1.000,1.000,0.007,1,0.216,1.000,13,0.194,1.000,0,0.000,1.000,2,0.000,1.000
587,D73,"",1.000,0.000,1.000,1.000,0.007,1,0.216,1.000,13,0.194,1.000,0,0.000,1.000,2,0.000,1.000
588,E73,"",63.125,0.000,64.625,60.519,1.326,1,0.218,1.000,13,0.166,1.000,20,0.131,1.000,21,0.125,1.000
589,F73,"",58.000,0.000,59.375,55.834,1.309,1,0.132,1.000,0,0.130,1.000,27,0.087,1.000,25,0.084,1.000
590,G73,"",4.925,0.000,5.350,5.067,0.142,0,0.137,1.000,1,0.100,1.000,13,0.045,1.000,30,0.027,1.000
591,H73,"",1.800,0.000,5.225,2.751,1.402,0,0.190,1.000,1,0.096,1.000,2,0.067,1.000,27,0.043,1.000
592,A74,"",4.791,0.000,5.319,5.060,0.141,0,0.150,1.000,1,0.099,1.000,13,0.039,1.000,30,0.027,1.000
593,B74,"",3.009,0.000,5.213,2.659,1.229,0,0.182,1.000,1,0.076,1.000,27,0.054,1.000,25,0.050,1.000
594,C74,"",388.000,0.000,1242.500,342.895,44.929,0,0.162,1.000,1,0.063,1.000,8,0.037,1.000,29,0.037,1.000
595,D74,"",2047.000,0.000,2047.000,1495.284,766.472,0,0.188,1.000,1,0.098,1.000,2,0.069,1.000,27,0.038,1.000
596,E74,"",6.000,0.000,77.000,3.048,5.375,1,0.206,1.000,30,0.115,1.000,24,0.000,1.000,23,0.000,1.000
597,F74,"",0.000,0.000,71.000,0.587,2.268,30,0.000,1.000,8,0.000,1.000,0,0.000,1.000,1,0.000,1.000
598,G74,"",0.000,0.000,0.000,0.000,0.000,0,0.000,1.000,1,0.000,1.000,2,0.000,1.000,3,0.000,1.000
599,H74,"",0.000,0.000,0.000,0.000,0.000,0,0.000,1.000,1,0.000,1.000,2,0.000,1.000,3,0.000,1.000
600,A75,"",8.000,0.000,19.000,1.571,2.730,1,0.074,1.000,30,0.044,1.000,15,0.030,1.000,20,0.024,1.000
601,B75,"",0.000,0.000,17.000,0.036,0.424,30,0.035,1.000,26,0.000,1.000,8,0.000,1.000,0,0.000,1.000
602,C75,"",1.001,0.000,1.001,1.001,0.007,1,0.216,1.000,13,0.194,1.000,0,0.000,1.000,2,0.000,1.000
603,D75,"",1.007,0.000,1.007,1.007,0.007,1,0.216,1.000,13,0.194,1.000,0,0.000,1.000,2,0.000,1.000
604,E75,"",5.350,0.000,5.350,5.350,0.037,1,0.216,1.000,13,0.194,1.000,0,0.000,1.000,2,0.000,1.000
605,F75,"",5.350,0.000,5.350,5.350,0.037,1,0.216,1.000,13,0.194,1.000,0,0.000,1.000,2,0.000,1.000
606,G75,"",73.720,0.000,91.676,50.475,14.372,0,0.135,1.000,1,0.123,1.000,2,0.061,1.000,4,0.056,1.000
607,H75,"",76.558,0.000,92.244,52.079,14.192,0,0.126,1.000,1,0.117,1.000,2,0.043,1.000,4,0.042,1.000
